Name,Column2,Price
"OPPO F11 (Fluorite Purple, 128 GB)",/oppo-f11-fluorite-purple-128-gb/p/itmfgb8ft4kfgfe6?pid=MOBFG2FZNH5FVTNH&srno=s_1_1&otracker=search&otracker1=search&lid=LSTMOBFG2FZNH5FVTNHSPZS6C&fm=organic&iid=da2113ca-039d-42f5-a965-9a078877222a.MOBFG2FZNH5FVTNH.SEARCH&ssid=yes4qa8ucw0000001574251578673&qH=b2e1b9463f4c8186,"₹16,990"
"OPPO F11 (Marble Green, 128 GB)",/oppo-f11-marble-green-128-gb/p/itmfgb8ft4kfgfe6?pid=MOBFG2FZPRRMNDDK&srno=s_1_2&otracker=search&otracker1=search&lid=LSTMOBFG2FZPRRMNDDKMITVTF&fm=organic&iid=ac2e92ee-0909-44f4-9971-3e794a514b61.MOBFG2FZPRRMNDDK.SEARCH&ssid=yes4qa8ucw0000001574251578673&qH=b2e1b9463f4c8186,"₹16,990"
"OPPO F11 (Marble Green, 128 GB)",/oppo-f11-marble-green-128-gb/p/itmfgb8ft4kfgfe6?pid=MOBFGB8FFMZDKSBF&srno=s_1_3&otracker=search&otracker1=search&lid=LSTMOBFGB8FFMZDKSBFZVHMK3&fm=organic&iid=a034c975-c208-4466-80bd-ca9194189be4.MOBFGB8FFMZDKSBF.SEARCH&ssid=yes4qa8ucw0000001574251578673&qH=b2e1b9463f4c8186,"₹13,990"
"OPPO F11 (Fluorite Purple, 128 GB)",/oppo-f11-fluorite-purple-128-gb/p/itmfgb8ft4kfgfe6?pid=MOBFGB8FQFERQP6D&srno=s_1_4&otracker=search&otracker1=search&lid=LSTMOBFGB8FQFERQP6DWPX4SP&fm=organic&iid=b19acda6-f0ac-4079-8dc6-b521ac326f87.MOBFGB8FQFERQP6D.SEARCH&ssid=yes4qa8ucw0000001574251578673&qH=b2e1b9463f4c8186,"₹13,990"
"OPPO F11 Pro (Aurora Green, 64 GB)",/oppo-f11-pro-aurora-green-64-gb/p/itmfe6k2gurv2a3p?pid=MOBFE6KFGD6YT27Z&srno=s_1_5&otracker=search&otracker1=search&lid=LSTMOBFE6KFGD6YT27ZCHQH7H&fm=organic&iid=109a0b4a-80ef-47e9-9b3f-cfca67c247fe.MOBFE6KFGD6YT27Z.SEARCH&ssid=yes4qa8ucw0000001574251578673&qH=b2e1b9463f4c8186,"₹16,990"
"OPPO F11 Pro (Thunder Black, 64 GB)",/oppo-f11-pro-thunder-black-64-gb/p/itmfe6k2gurv2a3p?pid=MOBFE6K2KQDSWAM8&srno=s_1_6&otracker=search&otracker1=search&lid=LSTMOBFE6K2KQDSWAM8CY2ZL4&fm=organic&iid=4ce18559-64f7-4b9e-9099-09a5578922f0.MOBFE6K2KQDSWAM8.SEARCH&ssid=yes4qa8ucw0000001574251578673&qH=b2e1b9463f4c8186,"₹16,990"
"OPPO F11 Pro (Thunder Black, 128 GB)",/oppo-f11-pro-thunder-black-128-gb/p/itmfe6k2gurv2a3p?pid=MOBFG9WZ3D5KMAUX&srno=s_1_7&otracker=search&otracker1=search&lid=LSTMOBFG9WZ3D5KMAUX5XFFCC&fm=organic&iid=52963675-c22e-4202-b81a-1cccb8b9f9ac.MOBFG9WZ3D5KMAUX.SEARCH&ssid=yes4qa8ucw0000001574251578673&qH=b2e1b9463f4c8186,"₹19,990"
"OPPO F11 Pro (Aurora Green, 128 GB)",/oppo-f11-pro-aurora-green-128-gb/p/itmfe6k2gurv2a3p?pid=MOBFG9WZGHSPTFPV&srno=s_1_8&otracker=search&otracker1=search&lid=LSTMOBFG9WZGHSPTFPVFDEUNY&fm=organic&iid=e575af1f-b768-4416-a2e2-41e7e7dc8f97.MOBFG9WZGHSPTFPV.SEARCH&ssid=yes4qa8ucw0000001574251578673&qH=b2e1b9463f4c8186,"₹19,990"
"OPPO A3s (Purple, 32 GB)",/oppo-a3s-purple-32-gb/p/itmf7fnvj5bgww6r?pid=MOBF7MV6VEXM7CJF&srno=s_1_9&otracker=search&otracker1=search&lid=LSTMOBF7MV6VEXM7CJFIPMSZA&fm=organic&iid=3e2ebe01-0923-46a4-86df-f6a0e02c3c01.MOBF7MV6VEXM7CJF.SEARCH&ssid=yes4qa8ucw0000001574251578673&qH=b2e1b9463f4c8186,"₹7,990"
"OPPO A3s (Red, 32 GB)",/oppo-a3s-red-32-gb/p/itmf7fnvj5bgww6r?pid=MOBF7MV6NYPTKNNN&srno=s_1_10&otracker=search&otracker1=search&lid=LSTMOBF7MV6NYPTKNNNWN9BZD&fm=organic&iid=b442f969-335f-44c0-b584-9ab8633d510f.MOBF7MV6NYPTKNNN.SEARCH&ssid=yes4qa8ucw0000001574251578673&qH=b2e1b9463f4c8186,"₹7,990"
"OPPO Reno2 F (Sky White, 128 GB)",/oppo-reno2-f-sky-white-128-gb/p/itm8413e7eb0b195?pid=MOBFH274NFFY7AZW&srno=s_1_11&otracker=search&otracker1=search&lid=LSTMOBFH274NFFY7AZWD52FP3&fm=organic&iid=737e45b6-af51-4cba-b108-6f7e4370fdae.MOBFH274NFFY7AZW.SEARCH&ssid=yes4qa8ucw0000001574251578673&qH=b2e1b9463f4c8186,"₹23,990"
"OPPO A3s (Red, 16 GB)",/oppo-a3s-red-16-gb/p/itmfcmuvhzthsyzw?pid=MOBF7FNVWXNGRSZK&srno=s_1_12&otracker=search&otracker1=search&lid=LSTMOBF7FNVWXNGRSZKJGSPMB&fm=organic&iid=5986c5c8-3e47-4e30-ace0-d4bda8564160.MOBF7FNVWXNGRSZK.SEARCH&ssid=yes4qa8ucw0000001574251578673&qH=b2e1b9463f4c8186,"₹6,990"
"OPPO A3s (Purple, 16 GB)",/oppo-a3s-purple-16-gb/p/itmfcmuvhzthsyzw?pid=MOBF7FNVH5QGESQ4&srno=s_1_13&otracker=search&otracker1=search&lid=LSTMOBF7FNVH5QGESQ4RJITWA&fm=organic&iid=c044094c-c11b-48a5-a0cb-af1da60bc1c0.MOBF7FNVH5QGESQ4.SEARCH&ssid=yes4qa8ucw0000001574251578673&qH=b2e1b9463f4c8186,"₹6,990"
"OPPO A9 2020 (Marine Green, 128 GB)",/oppo-a9-2020-marine-green-128-gb/p/itm32799ab1d45b4?pid=MOBFKCS5G9MSXBVF&srno=s_1_14&otracker=search&otracker1=search&lid=LSTMOBFKCS5G9MSXBVFQMH16Q&fm=organic&iid=e37bd9dd-d703-4291-aab8-25f12202ba7d.MOBFKCS5G9MSXBVF.SEARCH&ssid=yes4qa8ucw0000001574251578673&qH=b2e1b9463f4c8186,"₹15,990"
"OPPO Reno2 F (Lake Green, 128 GB)",/oppo-reno2-f-lake-green-128-gb/p/itm8413e7eb0b195?pid=MOBFH274NTYAREDF&srno=s_1_15&otracker=search&otracker1=search&lid=LSTMOBFH274NTYAREDFVGUT9A&fm=organic&iid=1b09d8c8-fd2a-4656-8d77-dbf6ca1c79af.MOBFH274NTYAREDF.SEARCH&ssid=yes4qa8ucw0000001574251578673&qH=b2e1b9463f4c8186,"₹23,990"
"OPPO A5 (Diamond Blue, 64 GB)",/oppo-a5-diamond-blue-64-gb/p/itmf8dm8gktg5efp?pid=MOBFFDHHJSMHCYTM&srno=s_1_16&otracker=search&otracker1=search&lid=LSTMOBFFDHHJSMHCYTM8TXIZ2&fm=organic&iid=e518a15e-c753-4a97-8376-9b62894bba63.MOBFFDHHJSMHCYTM.SEARCH&ssid=yes4qa8ucw0000001574251578673&qH=b2e1b9463f4c8186,"₹9,990"
"OPPO A5 (Diamond Red, 64 GB)",/oppo-a5-diamond-red-64-gb/p/itmf8dm8gktg5efp?pid=MOBFFDHHNRKWNYYK&srno=s_1_17&otracker=search&otracker1=search&lid=LSTMOBFFDHHNRKWNYYKMG1NKD&fm=organic&iid=28b7b2f8-d6d7-4794-b6b8-7e0d572c8110.MOBFFDHHNRKWNYYK.SEARCH&ssid=yes4qa8ucw0000001574251578673&qH=b2e1b9463f4c8186,"₹9,990"
"OPPO A5s (Blue, 32 GB)",/oppo-a5s-blue-32-gb/p/itmffhgzsqaczrn4?pid=MOBFGHYFHHRNZAZF&srno=s_1_18&otracker=search&otracker1=search&lid=LSTMOBFGHYFHHRNZAZFDXLLS0&fm=organic&iid=609b9072-6b47-4c76-8dbe-69bb9bb9d74b.MOBFGHYFHHRNZAZF.SEARCH&ssid=yes4qa8ucw0000001574251578673&qH=b2e1b9463f4c8186,"₹8,490"
"OPPO A5s (Green, 64 GB)",/oppo-a5s-green-64-gb/p/itmffhgzsqaczrn4?pid=MOBFHHSQXFJWC2SH&srno=s_1_19&otracker=search&otracker1=search&lid=LSTMOBFHHSQXFJWC2SHZEGJYK&fm=organic&iid=169f7cbb-50f3-4148-913f-306d49c6273e.MOBFHHSQXFJWC2SH.SEARCH&ssid=yes4qa8ucw0000001574251578673&qH=b2e1b9463f4c8186,"₹10,990"
"OPPO A5s (Black, 32 GB)",/oppo-a5s-black-32-gb/p/itmffhgzsqaczrn4?pid=MOBFFHGZ56TVRDZW&srno=s_1_20&otracker=search&otracker1=search&lid=LSTMOBFFHGZ56TVRDZWODYHF5&fm=organic&iid=3a75e5c4-ddfa-4a88-8f0f-5a473e68121a.MOBFFHGZ56TVRDZW.SEARCH&ssid=yes4qa8ucw0000001574251578673&qH=b2e1b9463f4c8186,"₹8,490"
"OPPO A5s (Gold, 64 GB)",/oppo-a5s-gold-64-gb/p/itmffhgzsqaczrn4?pid=MOBFHHSQH9AHZRAW&srno=s_1_21&otracker=search&otracker1=search&lid=LSTMOBFHHSQH9AHZRAWYYLEGX&fm=organic&iid=64fb471e-f5dd-4c45-a76f-b4be84932353.MOBFHHSQH9AHZRAW.SEARCH&ssid=yes4qa8ucw0000001574251578673&qH=b2e1b9463f4c8186,"₹10,990"
"OPPO A5s (Red, 32 GB)",/oppo-a5s-red-32-gb/p/itmffhgzsqaczrn4?pid=MOBFFHGZAYCCZZDF&srno=s_1_22&otracker=search&otracker1=search&lid=LSTMOBFFHGZAYCCZZDFWOYXZI&fm=organic&iid=bc444eb6-c043-4215-a080-96cd3e5d2422.MOBFFHGZAYCCZZDF.SEARCH&ssid=yes4qa8ucw0000001574251578673&qH=b2e1b9463f4c8186,"₹8,490"
"OPPO A3s (Red, 64 GB)",/oppo-a3s-red-64-gb/p/itmfgej4rzqsepsz?pid=MOBFG5BJVX7XAGA6&srno=s_1_23&otracker=search&otracker1=search&lid=LSTMOBFG5BJVX7XAGA6LUGLCQ&fm=organic&iid=c8e158ec-cc1f-49be-b293-de9ec594ed8b.MOBFG5BJVX7XAGA6.SEARCH&ssid=yes4qa8ucw0000001574251578673&qH=b2e1b9463f4c8186,"₹9,990"
"OPPO A5s (Black, 32 GB)",/oppo-a5s-black-32-gb/p/itmffhgzsqaczrn4?pid=MOBFH3XMSZHGY6ZP&srno=s_1_24&otracker=search&otracker1=search&lid=LSTMOBFH3XMSZHGY6ZPRPF7TF&fm=organic&iid=f78181bc-f068-41a3-b22a-ed594601b885.MOBFH3XMSZHGY6ZP.SEARCH&ssid=yes4qa8ucw0000001574251578673&qH=b2e1b9463f4c8186,"₹9,990"
"OPPO A5s (Blue, 32 GB)",/oppo-a5s-blue-32-gb/p/itmffhgzsqaczrn4?pid=MOBFHVM3WGE7EU7H&srno=s_2_25&otracker=search&otracker1=search&lid=LSTMOBFHVM3WGE7EU7HOSELO0&fm=organic&iid=cae7085e-e51f-4a7f-8a9d-2a6b9b474671.MOBFHVM3WGE7EU7H.SEARCH&ppt=sp&ppn=sp&ssid=ny2nr8ncucuxf4zk1574251584939&qH=b2e1b9463f4c8186,"₹9,990"
"OPPO A5 2020 (Mirror Black, 64 GB)",/oppo-a5-2020-mirror-black-64-gb/p/itm760f1b7b484f0?pid=MOBFKCS5BFZWH9EQ&srno=s_2_26&otracker=search&otracker1=search&lid=LSTMOBFKCS5BFZWH9EQRKNKTM&fm=organic&iid=f8b202f0-9dda-45f5-8178-ca3a2aa6d0fb.MOBFKCS5BFZWH9EQ.SEARCH&ppt=sp&ppn=sp&ssid=ny2nr8ncucuxf4zk1574251584939&qH=b2e1b9463f4c8186,"₹13,990"
"OPPO A5 2020 (Dazzling White, 64 GB)",/oppo-a5-2020-dazzling-white-64-gb/p/itm760f1b7b484f0?pid=MOBFKCS5VHUM2BQB&srno=s_2_27&otracker=search&otracker1=search&lid=LSTMOBFKCS5VHUM2BQB2CXAQB&fm=organic&iid=300f1d78-32d4-4e5d-b352-03034dc53083.MOBFKCS5VHUM2BQB.SEARCH&ppt=sp&ppn=sp&ssid=ny2nr8ncucuxf4zk1574251584939&qH=b2e1b9463f4c8186,"₹13,990"
"OPPO A1K (Red, 32 GB)",/oppo-a1k-red-32-gb/p/itmffvzfgyghr6h6?pid=MOBFFVZYG7SHU22Z&srno=s_2_28&otracker=search&otracker1=search&lid=LSTMOBFFVZYG7SHU22ZABQ0UB&fm=organic&iid=d072cd91-9484-4a7f-8a45-90784a4779e8.MOBFFVZYG7SHU22Z.SEARCH&ppt=sp&ppn=sp&ssid=ny2nr8ncucuxf4zk1574251584939&qH=b2e1b9463f4c8186,"₹7,490"
"OPPO A7 (Glaze Blue, 64 GB)",/oppo-a7-glaze-blue-64-gb/p/itmfb37gqa44nrzq?pid=MOBFCKHGARWBSFRZ&srno=s_2_29&otracker=search&otracker1=search&lid=LSTMOBFCKHGARWBSFRZ5U5CZI&fm=organic&iid=f6dfe268-8a7b-4d3d-ab33-938e2f7dc662.MOBFCKHGARWBSFRZ.SEARCH&ppt=sp&ppn=sp&ssid=ny2nr8ncucuxf4zk1574251584939&qH=b2e1b9463f4c8186,"₹12,990"
"OPPO A1K (Black, 32 GB)",/oppo-a1k-black-32-gb/p/itmffvzfgyghr6h6?pid=MOBFFVZYYZHA6B4T&srno=s_2_30&otracker=search&otracker1=search&lid=LSTMOBFFVZYYZHA6B4TX8OSV2&fm=organic&iid=cedee84d-c73d-4b3a-af98-df196633cd62.MOBFFVZYYZHA6B4T.SEARCH&ppt=sp&ppn=sp&ssid=ny2nr8ncucuxf4zk1574251584939&qH=b2e1b9463f4c8186,"₹7,490"
"OPPO Reno2 (Ocean Blue, 256 GB)",/oppo-reno2-ocean-blue-256-gb/p/itmda87752a48a36?pid=MOBFJY8YRNGGZPVD&srno=s_2_31&otracker=search&otracker1=search&lid=LSTMOBFJY8YRNGGZPVDHOJNSH&fm=organic&iid=f01dd8c4-68b1-4281-bb5f-e675a7491668.MOBFJY8YRNGGZPVD.SEARCH&ppt=sp&ppn=sp&ssid=ny2nr8ncucuxf4zk1574251584939&qH=b2e1b9463f4c8186,"₹36,990"
"OPPO A7 (Glaring Gold, 64 GB)",/oppo-a7-glaring-gold-64-gb/p/itmfb37gqa44nrzq?pid=MOBFB37G2GV8TZJY&srno=s_2_32&otracker=search&otracker1=search&lid=LSTMOBFB37G2GV8TZJYOVLRGE&fm=organic&iid=f88ea8a7-a385-494f-9dc0-333d438efa00.MOBFB37G2GV8TZJY.SEARCH&ppt=sp&ppn=sp&ssid=ny2nr8ncucuxf4zk1574251584939&qH=b2e1b9463f4c8186,"₹12,990"
"OPPO K1 (Piano Black, 64 GB)",/oppo-k1-piano-black-64-gb/p/itmfdy9keddxqvbt?pid=MOBFDY9KSZFK5RDZ&srno=s_2_33&otracker=search&otracker1=search&lid=LSTMOBFDY9KSZFK5RDZOMBJRD&fm=organic&iid=525280f8-80a0-4c01-b9f2-2894f71aaf24.MOBFDY9KSZFK5RDZ.SEARCH&ppt=sp&ppn=sp&ssid=ny2nr8ncucuxf4zk1574251584939&qH=b2e1b9463f4c8186,"₹13,990"
"OPPO K1 (Astral Blue, 64 GB)",/oppo-k1-astral-blue-64-gb/p/itmfdy9keddxqvbt?pid=MOBFDY9KYGDFFENC&srno=s_2_34&otracker=search&otracker1=search&lid=LSTMOBFDY9KYGDFFENCFZWNRZ&fm=organic&iid=c91d124e-a94d-44fb-b2ca-8acf87f6a0f9.MOBFDY9KYGDFFENC.SEARCH&ppt=sp&ppn=sp&ssid=ny2nr8ncucuxf4zk1574251584939&qH=b2e1b9463f4c8186,"₹13,990"
"OPPO A7 (Glaring Gold, 64 GB)",/oppo-a7-glaring-gold-64-gb/p/itmfb37gqa44nrzq?pid=MOBFCKHGSCJFNPRP&srno=s_2_35&otracker=search&otracker1=search&lid=LSTMOBFCKHGSCJFNPRPNHPUGF&fm=organic&iid=5d1b4182-9b19-49dd-a8f9-8c3c20e7571a.MOBFCKHGSCJFNPRP.SEARCH&ppt=sp&ppn=sp&ssid=ny2nr8ncucuxf4zk1574251584939&qH=b2e1b9463f4c8186,"₹12,990"
"OPPO A83 (Champagne, 16 GB)",/oppo-a83-champagne-16-gb/p/itmfawnctfqfgxtj?pid=MOBFAWNCGKHSEMRD&srno=s_2_36&otracker=search&otracker1=search&lid=LSTMOBFAWNCGKHSEMRDX8YAJ9&fm=organic&iid=f8d19198-07f8-465e-a275-5a4a0c0a4428.MOBFAWNCGKHSEMRD.SEARCH&ppt=sp&ppn=sp&ssid=ny2nr8ncucuxf4zk1574251584939&qH=b2e1b9463f4c8186,"₹8,990"
"OPPO A9 (Marble Green, 128 GB)",/oppo-a9-marble-green-128-gb/p/itmfgnd9z4gpykh8?pid=MOBFGND94VJJ2VSE&srno=s_2_37&otracker=search&otracker1=search&lid=LSTMOBFGND94VJJ2VSEXEX3ZL&fm=organic&iid=53875241-f841-4f99-a476-a32a527feb77.MOBFGND94VJJ2VSE.SEARCH&ppt=sp&ppn=sp&ssid=ny2nr8ncucuxf4zk1574251584939&qH=b2e1b9463f4c8186,"₹15,490"
"OPPO A9 (Fluorite Purple, 128 GB)",/oppo-a9-fluorite-purple-128-gb/p/itmfgnd9z4gpykh8?pid=MOBFGND9HZ4ER2MZ&srno=s_2_38&otracker=search&otracker1=search&lid=LSTMOBFGND9HZ4ER2MZLWW3Y3&fm=organic&iid=1deb7589-5759-4a70-a284-c8adaaa70c68.MOBFGND9HZ4ER2MZ.SEARCH&ppt=sp&ppn=sp&ssid=ny2nr8ncucuxf4zk1574251584939&qH=b2e1b9463f4c8186,"₹15,490"
"OPPO F5 (Gold, 32 GB)",/oppo-f5-gold-32-gb/p/itmezypvemsyzy9s?pid=MOBEZYPVKKX5KDZD&srno=s_2_39&otracker=search&otracker1=search&lid=LSTMOBEZYPVKKX5KDZDGKPO01&fm=organic&iid=4685e79b-f89a-4348-ad67-93127522858a.MOBEZYPVKKX5KDZD.SEARCH&ppt=sp&ppn=sp&ssid=ny2nr8ncucuxf4zk1574251584939&qH=b2e1b9463f4c8186,"₹13,990"
"OPPO K3 (Aurora Blue, 64 GB)",/oppo-k3-aurora-blue-64-gb/p/itm90ff95f816d11?pid=MOBFGZWWZBTNZHD3&srno=s_2_40&otracker=search&otracker1=search&lid=LSTMOBFGZWWZBTNZHD3VYLICW&fm=organic&iid=e91c4975-5150-4a39-8805-09c39af40da7.MOBFGZWWZBTNZHD3.SEARCH&ppt=sp&ppn=sp&ssid=ny2nr8ncucuxf4zk1574251584939&qH=b2e1b9463f4c8186,"₹20,779"
"OPPO A37f (Black, 16 GB)",/oppo-a37f-black-16-gb/p/itmewd4kzshreqtm?pid=MOBEWMAUFU9AFWUH&srno=s_2_41&otracker=search&otracker1=search&lid=LSTMOBEWMAUFU9AFWUHHF6BL5&fm=organic&iid=ecde881d-e078-43c9-b1ec-12dfe9e345b4.MOBEWMAUFU9AFWUH.SEARCH&ppt=sp&ppn=sp&ssid=ny2nr8ncucuxf4zk1574251584939&qH=b2e1b9463f4c8186,"₹7,790"
"OPPO F5 (Red, 64 GB)",/oppo-f5-red-64-gb/p/itmezq6rgu7uhcf4?pid=MOBEZPMXWTN5GFYQ&srno=s_2_42&otracker=search&otracker1=search&lid=LSTMOBEZPMXWTN5GFYQGF3A6T&fm=organic&iid=7ac63dd9-f5a6-4054-9290-b8587a33d725.MOBEZPMXWTN5GFYQ.SEARCH&ppt=sp&ppn=sp&ssid=ny2nr8ncucuxf4zk1574251584939&qH=b2e1b9463f4c8186,"₹13,499"
"OPPO R17 (Ambient Blue, 128 GB)",/oppo-r17-ambient-blue-128-gb/p/itmfgk7jke7btqqn?pid=MOBFGK5FDB84AN2E&srno=s_2_43&otracker=search&otracker1=search&lid=LSTMOBFGK5FDB84AN2EBMH5MV&fm=organic&iid=b378330f-51f8-4ea8-807c-1d53fdcad765.MOBFGK5FDB84AN2E.SEARCH&ppt=sp&ppn=sp&ssid=ny2nr8ncucuxf4zk1574251584939&qH=b2e1b9463f4c8186,"₹25,499"
"OPPO R17 (Neon Purple, 128 GB)",/oppo-r17-neon-purple-128-gb/p/itmfgk7jke7btqqn?pid=MOBFGK5Y2DDPUJYC&srno=s_2_44&otracker=search&otracker1=search&lid=LSTMOBFGK5Y2DDPUJYCXBIGZI&fm=organic&iid=b231dc1f-ca45-4950-9f94-87fffe675cc6.MOBFGK5Y2DDPUJYC.SEARCH&ppt=sp&ppn=sp&ssid=ny2nr8ncucuxf4zk1574251584939&qH=b2e1b9463f4c8186,"₹25,499"
"OPPO A9 2020 (Marine Green, 128 GB)",/oppo-a9-2020-marine-green-128-gb/p/itm32799ab1d45b4?pid=MOBFKCS5D7SUGZG5&srno=s_2_45&otracker=search&otracker1=search&lid=LSTMOBFKCS5D7SUGZG5MQF1X7&fm=organic&iid=0e3f1255-2c04-49d4-8f48-505c7821b79b.MOBFKCS5D7SUGZG5.SEARCH&ppt=sp&ppn=sp&ssid=ny2nr8ncucuxf4zk1574251584939&qH=b2e1b9463f4c8186,"₹19,990"
"OPPO A9 2020 (Space Purple, 128 GB)",/oppo-a9-2020-space-purple-128-gb/p/itm32799ab1d45b4?pid=MOBFKCS5NYHG8KWD&srno=s_2_46&otracker=search&otracker1=search&lid=LSTMOBFKCS5NYHG8KWDXTHKKV&fm=organic&iid=4826b342-0d66-4529-aa5f-fa0a83d20036.MOBFKCS5NYHG8KWD.SEARCH&ppt=sp&ppn=sp&ssid=ny2nr8ncucuxf4zk1574251584939&qH=b2e1b9463f4c8186,"₹19,990"
"OPPO A9 2020 (Space Purple, 128 GB)",/oppo-a9-2020-space-purple-128-gb/p/itm32799ab1d45b4?pid=MOBFKCS5VUXWHR5H&srno=s_2_47&otracker=search&otracker1=search&lid=LSTMOBFKCS5VUXWHR5HTYMFMP&fm=organic&iid=dbd2f2b2-96e4-481b-b668-7904ecaa86e7.MOBFKCS5VUXWHR5H.SEARCH&ppt=sp&ppn=sp&ssid=ny2nr8ncucuxf4zk1574251584939&qH=b2e1b9463f4c8186,"₹15,990"
"OPPO A83 (Champagne, 32 GB)",/oppo-a83-champagne-32-gb/p/itmffjzz8vzr6z2p?pid=MOBFFJZZNPTUPX5H&srno=s_2_48&otracker=search&otracker1=search&lid=LSTMOBFFJZZNPTUPX5HMNNVZ1&fm=organic&iid=825fa0de-52c1-42e0-bd6c-64c635aa3b4b.MOBFFJZZNPTUPX5H.SEARCH&ppt=sp&ppn=sp&ssid=ny2nr8ncucuxf4zk1574251584939&qH=b2e1b9463f4c8186,"₹8,999"
"OPPO A5 2020 (Dazzling White, 64 GB)",/oppo-a5-2020-dazzling-white-64-gb/p/itm44cc5daff0ba1?pid=MOBFKCS5KRNP5ZGG&srno=s_3_49&otracker=search&otracker1=search&lid=LSTMOBFKCS5KRNP5ZGGUE7XGV&fm=organic&iid=25f457c2-8517-4dbd-91e4-2d58cf6f9b7d.MOBFKCS5KRNP5ZGG.SEARCH&ppt=sp&ppn=sp&ssid=ny2nr8ncucuxf4zk1574251584939&qH=b2e1b9463f4c8186,"₹11,990"
"OPPO F5 Youth (Gold, 32 GB)",/oppo-f5-youth-gold-32-gb/p/itmfybdzm3gftnd5?pid=MOBFYBDZNYTYDZXQ&srno=s_3_50&otracker=search&otracker1=search&lid=LSTMOBFYBDZNYTYDZXQP16LVG&fm=organic&iid=6d85ae98-c28c-4b93-984b-0ee78ab83114.MOBFYBDZNYTYDZXQ.SEARCH&ppt=sp&ppn=sp&ssid=ny2nr8ncucuxf4zk1574251584939&qH=b2e1b9463f4c8186,"₹14,990"
"OPPO A71 (Black, 16 GB)",/oppo-a71-black-16-gb/p/itmexhdznhc52wt7?pid=MOBEXHDSMGGGMMWU&srno=s_3_51&otracker=search&otracker1=search&lid=LSTMOBEXHDSMGGGMMWUWIL5MY&fm=organic&iid=574c7faf-f78e-4e2b-aa2a-3abb97aea9e1.MOBEXHDSMGGGMMWU.SEARCH&ppt=sp&ppn=sp&ssid=ny2nr8ncucuxf4zk1574251584939&qH=b2e1b9463f4c8186,"₹8,490"
"OPPO A83 (2018 Edition) (Red, 64 GB)",/oppo-a83-2018-edition-red-64-gb/p/itmf4fsafxvrxm5t?pid=MOBF4FSAW8X6UFVV&srno=s_3_52&otracker=search&otracker1=search&lid=LSTMOBF4FSAW8X6UFVVPZ5WVP&fm=organic&iid=b8325f8e-3ab6-4af9-87a5-c0170fbf73ee.MOBF4FSAW8X6UFVV.SEARCH&ppt=sp&ppn=sp&ssid=ny2nr8ncucuxf4zk1574251584939&qH=b2e1b9463f4c8186,"₹13,990"
"OPPO A7 (Glaze Blue, 64 GB)",/oppo-a7-glaze-blue-64-gb/p/itmfb37gqa44nrzq?pid=MOBFB37GDP8NJYXS&srno=s_3_53&otracker=search&otracker1=search&lid=LSTMOBFB37GDP8NJYXSCN1ZIE&fm=organic&iid=f68ac149-cec8-40eb-93cf-2167542fe347.MOBFB37GDP8NJYXS.SEARCH&ppt=sp&ppn=sp&ssid=ny2nr8ncucuxf4zk1574251584939&qH=b2e1b9463f4c8186,"₹12,849"
"OPPO Find X (Glacier Blue, 256 GB)",/oppo-find-x-glacier-blue-256-gb/p/itmf7yjbm75hdpm4?pid=MOBF7YJBFDFBUVY2&srno=s_3_54&otracker=search&otracker1=search&lid=LSTMOBF7YJBFDFBUVY21IZMYF&fm=organic&iid=86540c5c-2362-40cf-a89b-debf928417ae.MOBF7YJBFDFBUVY2.SEARCH&ppt=sp&ppn=sp&ssid=ny2nr8ncucuxf4zk1574251584939&qH=b2e1b9463f4c8186,"₹58,990"
"OPPO Find X (Bordeaux Red, 256 GB)",/oppo-find-x-bordeaux-red-256-gb/p/itmf7yjbm75hdpm4?pid=MOBF7YJBYWVJKSPD&srno=s_3_55&otracker=search&otracker1=search&lid=LSTMOBF7YJBYWVJKSPDMEGGAZ&fm=organic&iid=0e8f5476-da5e-4f51-a303-9fdbe5c26c4a.MOBF7YJBYWVJKSPD.SEARCH&ppt=sp&ppn=sp&ssid=ny2nr8ncucuxf4zk1574251584939&qH=b2e1b9463f4c8186,"₹58,990"
"OPPO Ravichandran Ashwin Limited Edition (Black, 64 GB)",/oppo-ravichandran-ashwin-limited-black-64-gb/p/itmf53qxdszr6hu8?pid=MOBF53QXWKFNQB8C&srno=s_3_56&otracker=search&otracker1=search&lid=LSTMOBF53QXWKFNQB8CHEESAT&fm=organic&iid=1913bf6f-e3f0-4ce6-934e-c3c2575ae81f.MOBF53QXWKFNQB8C.SEARCH&ppt=sp&ppn=sp&ssid=ny2nr8ncucuxf4zk1574251584939&qH=b2e1b9463f4c8186,"₹21,990"
"OPPO A5s (Red, 32 GB)",/oppo-a5s-red-32-gb/p/itmffhgzsqaczrn4?pid=MOBFH3XMESE57SPY&srno=s_3_57&otracker=search&otracker1=search&lid=LSTMOBFH3XMESE57SPYDP27KN&fm=organic&iid=14340457-727e-463a-9197-b1ac5a6cc367.MOBFH3XMESE57SPY.SEARCH&ppt=sp&ppn=sp&ssid=ny2nr8ncucuxf4zk1574251584939&qH=b2e1b9463f4c8186,"₹12,990"
"OPPO A3s (Purple, 64 GB)",/oppo-a3s-purple-64-gb/p/itmfgej4rzqsepsz?pid=MOBFG5BJBTGHG4B5&srno=s_3_58&otracker=search&otracker1=search&lid=LSTMOBFG5BJBTGHG4B5Z9QBWU&fm=organic&iid=b215b943-7ee7-42b4-9226-e98c1066fb64.MOBFG5BJBTGHG4B5.SEARCH&ppt=sp&ppn=sp&ssid=ny2nr8ncucuxf4zk1574251584939&qH=b2e1b9463f4c8186,"₹14,383"
"OPPO A37f (Grey, 16 GB)",/oppo-a37f-grey-16-gb/p/itmewd4kzshreqtm?pid=MOBEQCGVPY6GVHYT&srno=s_3_59&otracker=search&otracker1=search&lid=LSTMOBEQCGVPY6GVHYTRWOJJE&fm=organic&iid=bba328a0-8e8c-4006-b3fe-4af091c70ab2.MOBEQCGVPY6GVHYT.SEARCH&ppt=sp&ppn=sp&ssid=ny2nr8ncucuxf4zk1574251584939&qH=b2e1b9463f4c8186,"₹8,599"
"OPPO A83 (Red, 16 GB)",/oppo-a83-red-16-gb/p/itmfawnctfqfgxtj?pid=MOBFAWNCSZRKW9UW&srno=s_3_60&otracker=search&otracker1=search&lid=LSTMOBFAWNCSZRKW9UWVNTLIB&fm=organic&iid=df00f95a-cf85-40c3-8c1d-ff4b4db8fd60.MOBFAWNCSZRKW9UW.SEARCH&ppt=sp&ppn=sp&ssid=ny2nr8ncucuxf4zk1574251584939&qH=b2e1b9463f4c8186,"₹6,899"
"OPPO F7 (Silver, 64 GB)",/oppo-f7-silver-64-gb/p/itmf3pzhjtdpvdvg?pid=MOBF3HZ2FGVVH8TZ&srno=s_3_61&otracker=search&otracker1=search&lid=LSTMOBF3HZ2FGVVH8TZ68VQEM&fm=organic&iid=a82b4416-d4b6-41c9-a338-a31d259e7188.MOBF3HZ2FGVVH8TZ.SEARCH&ppt=sp&ppn=sp&ssid=ny2nr8ncucuxf4zk1574251584939&qH=b2e1b9463f4c8186,"₹13,499"
"OPPO F5 (Black, 32 GB)",/oppo-f5-black-32-gb/p/itmezypvemsyzy9s?pid=MOBEZYPVYCT9HMGW&srno=s_3_62&otracker=search&otracker1=search&lid=LSTMOBEZYPVYCT9HMGWSNTCGC&fm=organic&iid=da92c99e-be96-4f09-8838-324e9af31b9e.MOBEZYPVYCT9HMGW.SEARCH&ppt=sp&ppn=sp&ssid=ny2nr8ncucuxf4zk1574251584939&qH=b2e1b9463f4c8186,"₹15,500"
"OPPO A71k (New Edition) (Blue, 16 GB)",/oppo-a71k-new-edition-blue-16-gb/p/itmf944xbpf54j4s?pid=MOBF944XH8UXB545&srno=s_3_63&otracker=search&otracker1=search&lid=LSTMOBF944XH8UXB545HGCXC0&fm=organic&iid=2020996d-34c6-4bbe-8f8e-e537c8865df2.MOBF944XH8UXB545.SEARCH&ppt=sp&ppn=sp&ssid=ny2nr8ncucuxf4zk1574251584939&qH=b2e1b9463f4c8186,"₹8,490"
"OPPO A83 (Black, 32 GB)",/oppo-a83-black-32-gb/p/itmffjzz8vzr6z2p?pid=MOBFFKFY6GVCCM9R&srno=s_3_64&otracker=search&otracker1=search&lid=LSTMOBFFKFY6GVCCM9R8CBJAA&fm=organic&iid=51a5173d-6fc5-49d1-9ce6-e7be6ec47f07.MOBFFKFY6GVCCM9R.SEARCH&ppt=sp&ppn=sp&ssid=ny2nr8ncucuxf4zk1574251584939&qH=b2e1b9463f4c8186,"₹11,999"
"OPPO K3 (Jade Black, 128 GB)",/oppo-k3-jade-black-128-gb/p/itm90ff95f816d11?pid=MOBFJFBXT9E5FGZ8&srno=s_3_65&otracker=search&otracker1=search&lid=LSTMOBFJFBXT9E5FGZ8MPJTHB&fm=organic&iid=2e822a99-6658-462b-8380-56a2345b7c35.MOBFJFBXT9E5FGZ8.SEARCH&ppt=sp&ppn=sp&ssid=ny2nr8ncucuxf4zk1574251584939&qH=b2e1b9463f4c8186,"₹29,999"
"OPPO F5 Youth (Black, 32 GB)",/oppo-f5-youth-black-32-gb/p/itmfybdzm3gftnd5?pid=MOBFYBDZKRYTVRPB&srno=s_3_66&otracker=search&otracker1=search&lid=LSTMOBFYBDZKRYTVRPBYNKACC&fm=organic&iid=e7d97f14-1b2a-4483-9ce0-b08c15c882ac.MOBFYBDZKRYTVRPB.SEARCH&ppt=sp&ppn=sp&ssid=ny2nr8ncucuxf4zk1574251584939&qH=b2e1b9463f4c8186,"₹14,990"
"OPPO A83 (2018 Edition) (Blue, 64 GB)",/oppo-a83-2018-edition-blue-64-gb/p/itmf4fsafxvrxm5t?pid=MOBF4FSA5WDH942M&srno=s_3_67&otracker=search&otracker1=search&lid=LSTMOBF4FSA5WDH942M2RBHAA&fm=organic&iid=810f7c7e-1753-4414-94cf-bdaf2fb9428b.MOBF4FSA5WDH942M.SEARCH&ppt=sp&ppn=sp&ssid=ny2nr8ncucuxf4zk1574251584939&qH=b2e1b9463f4c8186,"₹13,990"
"OPPO A57 (Gold, 32 GB)",/oppo-a57-gold-32-gb/p/itmeuyd94bswkfzp?pid=MOBEQT93GWRUD5BQ&srno=s_3_68&otracker=search&otracker1=search&lid=LSTMOBEQT93GWRUD5BQLM16MK&fm=organic&iid=ec0285a3-8f08-44c4-9021-5b442f0a4feb.MOBEQT93GWRUD5BQ.SEARCH&ppt=sp&ppn=sp&ssid=ny2nr8ncucuxf4zk1574251584939&qH=b2e1b9463f4c8186,"₹13,500"
"OPPO F1 Plus (Gold, 64 GB)",/oppo-f1-plus-gold-64-gb/p/itmehzhgq9rsyyzb?pid=MOBEHZHGVQQZBBGC&srno=s_3_69&otracker=search&otracker1=search&lid=LSTMOBEHZHGVQQZBBGCDCNLY1&fm=organic&iid=896c5557-1aad-4d57-8223-6f76449266f3.MOBEHZHGVQQZBBGC.SEARCH&ppt=sp&ppn=sp&ssid=ny2nr8ncucuxf4zk1574251584939&qH=b2e1b9463f4c8186,"₹27,500"
"OPPO Neo 7 4G (Black, 16 GB)",/oppo-neo-7-4g-black-16-gb/p/itmecrthsbp2mkzt?pid=MOBEDFHCGBZHJ3AK&srno=s_3_70&otracker=search&otracker1=search&lid=LSTMOBEDFHCGBZHJ3AKN4N0IV&fm=organic&iid=3308872e-42cc-4634-96d5-2b5e1c0c023b.MOBEDFHCGBZHJ3AK.SEARCH&ppt=sp&ppn=sp&ssid=ny2nr8ncucuxf4zk1574251584939&qH=b2e1b9463f4c8186,"₹10,000"
"OPPO Hardik Pandya Limited Editon (Black, 64 GB)",/oppo-hardik-pandya-limited-editon-black-64-gb/p/itmf53qxmt6ycjbq?pid=MOBF53QXWYHSCARM&srno=s_3_71&otracker=search&otracker1=search&lid=LSTMOBF53QXWYHSCARMFMEPTR&fm=organic&iid=ec997b9d-7d5e-46cc-abfc-ae6e2d461bcd.MOBF53QXWYHSCARM.SEARCH&ppt=sp&ppn=sp&ssid=ny2nr8ncucuxf4zk1574251584939&qH=b2e1b9463f4c8186,"₹21,500"
"OPPO Rohit Sharma Limited Edition (Black, 64 GB)",/oppo-rohit-sharma-limited-black-64-gb/p/itmf53qx6zpfgbav?pid=MOBF53QXHPSDQNFX&srno=s_3_72&otracker=search&otracker1=search&lid=LSTMOBF53QXHPSDQNFXX7TYVZ&fm=organic&iid=5ebd4d14-be29-4252-982f-e5e3c03288de.MOBF53QXHPSDQNFX.SEARCH&ppt=sp&ppn=sp&ssid=ny2nr8ncucuxf4zk1574251584939&qH=b2e1b9463f4c8186,"₹21,500"
"OPPO F11 Pro Marvel’s Avengers Limited Edition (Space Blue, 128 GB)",/oppo-f11-pro-marvels-avengers-limited-space-blue-128-gb/p/itmfhkg7zxvwyges?pid=MOBFHG4K2H5AZYZN&srno=s_4_73&otracker=search&otracker1=search&lid=LSTMOBFHG4K2H5AZYZNGCJCVR&fm=organic&iid=21a3ccdf-93b6-46e4-b82a-f5971ba97101.MOBFHG4K2H5AZYZN.SEARCH&ppt=sp&ppn=sp&ssid=ny2nr8ncucuxf4zk1574251584939&qH=b2e1b9463f4c8186,"₹28,990"
"OPPO F5 (Black, 64 GB)",/oppo-f5-black-64-gb/p/itmezq6rgu7uhcf4?pid=MOBEZPMX9ZB4NRGU&srno=s_4_74&otracker=search&otracker1=search&lid=LSTMOBEZPMX9ZB4NRGURFUY4O&fm=organic&iid=1dec23e8-b642-4931-b173-207e6f4b66f0.MOBEZPMX9ZB4NRGU.SEARCH&ppt=sp&ppn=sp&ssid=ny2nr8ncucuxf4zk1574251584939&qH=b2e1b9463f4c8186,"₹18,999"
"OPPO A5 2020 (Mirror Black, 64 GB)",/oppo-a5-2020-mirror-black-64-gb/p/itm44cc5daff0ba1?pid=MOBFKCS5MRHGTGJD&srno=s_4_75&otracker=search&otracker1=search&lid=LSTMOBFKCS5MRHGTGJDOBIUOS&fm=organic&iid=bcb63ffb-28e2-4607-af05-98583cdfb8b2.MOBFKCS5MRHGTGJD.SEARCH&ppt=sp&ppn=sp&ssid=ny2nr8ncucuxf4zk1574251584939&qH=b2e1b9463f4c8186,"₹11,990"
"OPPO Reno 10x Zoom (Jet Black, 128 GB)",/oppo-reno-10x-zoom-jet-black-128-gb/p/itmfgw7vk4eebbhc?pid=MOBFGPMNGKWJKPZ5&srno=s_4_76&otracker=search&otracker1=search&lid=LSTMOBFGPMNGKWJKPZ5J86XSK&fm=organic&iid=fb71d15d-8274-48ea-988a-573fb7ddb971.MOBFGPMNGKWJKPZ5.SEARCH&ppt=sp&ppn=sp&ssid=ny2nr8ncucuxf4zk1574251584939&qH=b2e1b9463f4c8186,"₹36,990"
"OPPO Reno 10x Zoom (Ocean Green, 128 GB)",/oppo-reno-10x-zoom-ocean-green-128-gb/p/itmfgw7vk4eebbhc?pid=MOBFGPMN5WXCWHAK&srno=s_4_77&otracker=search&otracker1=search&lid=LSTMOBFGPMN5WXCWHAKGZHDQW&fm=organic&iid=309716c7-5e7c-4b9e-ade2-d76be62d9b70.MOBFGPMN5WXCWHAK.SEARCH&ppt=sp&ppn=sp&ssid=ny2nr8ncucuxf4zk1574251584939&qH=b2e1b9463f4c8186,"₹36,990"
"OPPO Reno 10x Zoom (Jet Black, 256 GB)",/oppo-reno-10x-zoom-jet-black-256-gb/p/itmfgw7vk4eebbhc?pid=MOBFGPMN93AUE2ZA&srno=s_4_78&otracker=search&otracker1=search&lid=LSTMOBFGPMN93AUE2ZA22U15J&fm=organic&iid=a518b104-7b32-40b8-ba74-632c025b9e3d.MOBFGPMN93AUE2ZA.SEARCH&ppt=sp&ppn=sp&ssid=ny2nr8ncucuxf4zk1574251584939&qH=b2e1b9463f4c8186,"₹49,990"
"OPPO Reno2 Z (Sky White, 256 GB)",/oppo-reno2-z-sky-white-256-gb/p/itm859dc4f4f25b4?pid=MOBFJKSYJGM3KDCQ&srno=s_4_79&otracker=search&otracker1=search&lid=LSTMOBFJKSYJGM3KDCQDGKLTS&fm=organic&iid=4c2519de-605d-4cdf-a7a9-ddd1cfb0f50b.MOBFJKSYJGM3KDCQ.SEARCH&ppt=sp&ppn=sp&ssid=ny2nr8ncucuxf4zk1574251584939&qH=b2e1b9463f4c8186,"₹27,990"
"OPPO Reno2 Z (Luminous Black, 256 GB)",/oppo-reno2-z-luminous-black-256-gb/p/itm859dc4f4f25b4?pid=MOBFJKVGD4BZ6PD6&srno=s_4_80&otracker=search&otracker1=search&lid=LSTMOBFJKVGD4BZ6PD63Y3MQQ&fm=organic&iid=114b1a7b-cee2-4418-8aea-a5907bf9ce2d.MOBFJKVGD4BZ6PD6.SEARCH&ppt=sp&ppn=sp&ssid=ny2nr8ncucuxf4zk1574251584939&qH=b2e1b9463f4c8186,"₹27,990"
"OPPO A5 (Diamond Blue, 32 GB)",/oppo-a5-diamond-blue-32-gb/p/itmf8dm8gktg5efp?pid=MOBF8DM8TGBHFGNN&srno=s_4_81&otracker=search&otracker1=search&lid=LSTMOBF8DM8TGBHFGNNDY37NA&fm=organic&iid=c22dee2b-8f99-47d6-b231-bbe7c550f41f.MOBF8DM8TGBHFGNN.SEARCH&ppt=sp&ppn=sp&ssid=ny2nr8ncucuxf4zk1574251584939&qH=b2e1b9463f4c8186,"₹11,990"
"OPPO A5 (Diamond Red, 32 GB)",/oppo-a5-diamond-red-32-gb/p/itmf8dm8gktg5efp?pid=MOBF8DM8FRNGDNBY&srno=s_4_82&otracker=search&otracker1=search&lid=LSTMOBF8DM8FRNGDNBYVK5PRF&fm=organic&iid=8894bf04-b94f-449d-ba3a-c5f4508d8da9.MOBF8DM8FRNGDNBY.SEARCH&ppt=sp&ppn=sp&ssid=ny2nr8ncucuxf4zk1574251584939&qH=b2e1b9463f4c8186,"₹11,990"
"OPPO F9 Pro (Sunrise Red, 64 GB)",/oppo-f9-pro-sunrise-red-64-gb/p/itmf8fczgnrn5xhy?pid=MOBF8FCZRFETEEHQ&srno=s_4_83&otracker=search&otracker1=search&lid=LSTMOBF8FCZRFETEEHQOZDSGT&fm=organic&iid=c35e943e-28ae-4775-a550-8ca28a6db669.MOBF8FCZRFETEEHQ.SEARCH&ppt=sp&ppn=sp&ssid=ny2nr8ncucuxf4zk1574251584939&qH=b2e1b9463f4c8186,"₹17,990"
"OPPO F9 Pro (Starry Purple, 64 GB)",/oppo-f9-pro-starry-purple-64-gb/p/itmf8fczgnrn5xhy?pid=MOBF8FCZHK2HWJVT&srno=s_4_84&otracker=search&otracker1=search&lid=LSTMOBF8FCZHK2HWJVTQBM0KR&fm=organic&iid=4fe9ee85-d523-4f75-951e-4decc3db0f6c.MOBF8FCZHK2HWJVT.SEARCH&ppt=sp&ppn=sp&ssid=ny2nr8ncucuxf4zk1574251584939&qH=b2e1b9463f4c8186,"₹17,990"
"OPPO F9 Pro (Twilight Blue, 64 GB)",/oppo-f9-pro-twilight-blue-64-gb/p/itmf8fczgnrn5xhy?pid=MOBF8FCZY7DQGZX6&srno=s_4_85&otracker=search&otracker1=search&lid=LSTMOBF8FCZY7DQGZX6PK4MMP&fm=organic&iid=660ec621-72ae-4db6-a169-adda54e6a926.MOBF8FCZY7DQGZX6.SEARCH&ppt=sp&ppn=sp&ssid=ny2nr8ncucuxf4zk1574251584939&qH=b2e1b9463f4c8186,"₹17,990"
"OPPO Reno2 (Luminous Black, 256 GB)",/oppo-reno2-luminous-black-256-gb/p/itmda87752a48a36?pid=MOBFJY8YQTK4NBNY&srno=s_4_86&otracker=search&otracker1=search&lid=LSTMOBFJY8YQTK4NBNYKRHUC6&fm=organic&iid=b13ef377-2f2f-4817-acf8-efb74e2997a9.MOBFJY8YQTK4NBNY.SEARCH&ppt=sp&ppn=sp&ssid=ny2nr8ncucuxf4zk1574251584939&qH=b2e1b9463f4c8186,"₹36,990"
"OPPO F9 (Mist Black, 64 GB)",/oppo-f9-mist-black-64-gb/p/itmf8whxzsyhhetm?pid=MOBF8WHXFRB2KPZH&srno=s_4_87&otracker=search&otracker1=search&lid=LSTMOBF8WHXFRB2KPZHSMA4IW&fm=organic&iid=a4b697f0-37c1-4bc0-9011-a4a0d4dec0d5.MOBF8WHXFRB2KPZH.SEARCH&ppt=sp&ppn=sp&ssid=ny2nr8ncucuxf4zk1574251584939&qH=b2e1b9463f4c8186,"₹16,990"
"OPPO F9 (Stellar Purple, 64 GB)",/oppo-f9-stellar-purple-64-gb/p/itmf8whxzsyhhetm?pid=MOBF8WHXTX8VXSHH&srno=s_4_88&otracker=search&otracker1=search&lid=LSTMOBF8WHXTX8VXSHHTI2CYV&fm=organic&iid=d6ce27bc-72b2-49a3-a2c4-c8d8d453be0b.MOBF8WHXTX8VXSHH.SEARCH&ppt=sp&ppn=sp&ssid=ny2nr8ncucuxf4zk1574251584939&qH=b2e1b9463f4c8186,"₹16,990"
"OPPO A37f (Gold, 16 GB)",/oppo-a37f-gold-16-gb/p/itmewd4kzshreqtm?pid=MOBEKGPZBYZZPW3E&srno=s_4_89&otracker=search&otracker1=search&lid=LSTMOBEKGPZBYZZPW3EVTUOJE&fm=organic&iid=ca0a28da-716b-4de3-9b00-07d6d10a3c33.MOBEKGPZBYZZPW3E.SEARCH&ppt=sp&ppn=sp&ssid=ny2nr8ncucuxf4zk1574251584939&qH=b2e1b9463f4c8186,"₹9,990"
"OPPO F11 (Jewelry White, 128 GB)",/oppo-f11-jewelry-white-128-gb/p/itmfgb8ft4kfgfe6?pid=MOBFG2FZT6FQGCDV&srno=s_4_90&otracker=search&otracker1=search&lid=LSTMOBFG2FZT6FQGCDVIEJCWA&fm=organic&iid=cd13a278-0cde-4523-8a21-d8fcc6d71d25.MOBFG2FZT6FQGCDV.SEARCH&ppt=sp&ppn=sp&ssid=ny2nr8ncucuxf4zk1574251584939&qH=b2e1b9463f4c8186,"₹19,999"
"OPPO R17 Pro (Emerald Green, 128 GB)",/oppo-r17-pro-emerald-green-128-gb/p/itmfbc9gwtdfcfbf?pid=MOBFBC9GUZ8VGMGE&srno=s_4_91&otracker=search&otracker1=search&lid=LSTMOBFBC9GUZ8VGMGEICVOYN&fm=organic&iid=a63e81a8-55d8-470e-a036-95aeb9b044a6.MOBFBC9GUZ8VGMGE.SEARCH&ppt=sp&ppn=sp&ssid=ny2nr8ncucuxf4zk1574251584939&qH=b2e1b9463f4c8186,"₹29,990"
"OPPO F3 (Gold, 64 GB)",/oppo-f3-gold-64-gb/p/itmff5gpyrsu2prw?pid=MOBETGZ5QQVZF6YC&srno=s_4_92&otracker=search&otracker1=search&lid=LSTMOBETGZ5QQVZF6YCP2UDBO&fm=organic&iid=6f2c29ea-5a32-496b-bc4e-1ad2498821d0.MOBETGZ5QQVZF6YC.SEARCH&ppt=sp&ppn=sp&ssid=ny2nr8ncucuxf4zk1574251584939&qH=b2e1b9463f4c8186,"₹18,000"
"OPPO Reno 10x Zoom (Ocean Green, 256 GB)",/oppo-reno-10x-zoom-ocean-green-256-gb/p/itmfgw7vk4eebbhc?pid=MOBFGPMNEHYGKC4J&srno=s_4_93&otracker=search&otracker1=search&lid=LSTMOBFGPMNEHYGKC4JBPUUB2&fm=organic&iid=1c00b1a2-f5f4-4ea1-af44-c1acdf8003c7.MOBFGPMNEHYGKC4J.SEARCH&ppt=sp&ppn=sp&ssid=ny2nr8ncucuxf4zk1574251584939&qH=b2e1b9463f4c8186,"₹50,990"
"OPPO A83 (2018 Edition) (Champagne, 64 GB)",/oppo-a83-2018-edition-champagne-64-gb/p/itmf4fsafxvrxm5t?pid=MOBF4FSAHCYVJQD2&srno=s_4_94&otracker=search&otracker1=search&lid=LSTMOBF4FSAHCYVJQD2LSDZ4O&fm=organic&iid=dcec75d3-229c-4cd3-b9f7-bcbd4a1c543f.MOBF4FSAHCYVJQD2.SEARCH&ppt=sp&ppn=sp&ssid=ny2nr8ncucuxf4zk1574251584939&qH=b2e1b9463f4c8186,"₹13,990"
"OPPO F7 (Black, 64 GB)",/oppo-f7-black-64-gb/p/itmf3pzhjtdpvdvg?pid=MOBF3HZ2H9YZSYRY&srno=s_4_95&otracker=search&otracker1=search&lid=LSTMOBF3HZ2H9YZSYRYNM8GVH&fm=organic&iid=bc1ed08a-08b0-4382-b568-b1d3adf140bf.MOBF3HZ2H9YZSYRY.SEARCH&ppt=sp&ppn=sp&ssid=ny2nr8ncucuxf4zk1574251584939&qH=b2e1b9463f4c8186,"₹12,999"
"OPPO F3 Plus (Gold, 64 GB)",/oppo-f3-plus-gold-64-gb/p/itmeuyd8ym5mwtgh?pid=MOBES9G5SJHYT9QX&srno=s_4_96&otracker=search&otracker1=search&lid=LSTMOBES9G5SJHYT9QXA8CHIP&fm=organic&iid=5fe5c65a-acb5-476d-b03e-35ade69af6f2.MOBES9G5SJHYT9QX.SEARCH&ppt=sp&ppn=sp&ssid=ny2nr8ncucuxf4zk1574251584939&qH=b2e1b9463f4c8186,"₹14,999"
"OPPO F3 Plus (Gold, 64 GB)",/oppo-f3-plus-gold-64-gb/p/itmeuyd8ym5mwtgh?pid=MOBEZGFN9ZYFKMCH&srno=s_5_97&otracker=search&otracker1=search&lid=LSTMOBEZGFN9ZYFKMCHVR2ZFE&fm=organic&iid=032e7fad-5001-44f1-b908-8d0c3243c4bd.MOBEZGFN9ZYFKMCH.SEARCH&ppt=sp&ppn=sp&ssid=ny2nr8ncucuxf4zk1574251584939&qH=b2e1b9463f4c8186,"₹19,990"
"OPPO F3 (Rose Gold, 64 GB)",/oppo-f3-rose-gold-64-gb/p/itmff5gpyrsu2prw?pid=MOBEW8NZDNHYVWJX&srno=s_5_98&otracker=search&otracker1=search&lid=LSTMOBEW8NZDNHYVWJXERLPTI&fm=organic&iid=12e083be-748b-4136-ae6f-779e168d8696.MOBEW8NZDNHYVWJX.SEARCH&ppt=sp&ppn=sp&ssid=ny2nr8ncucuxf4zk1574251584939&qH=b2e1b9463f4c8186,"₹18,000"
"OPPO F3 Plus (Black, 64 GB)",/oppo-f3-plus-black-64-gb/p/itmeuyd8ym5mwtgh?pid=MOBESTGFSK2SMEHK&srno=s_5_99&otracker=search&otracker1=search&lid=LSTMOBESTGFSK2SMEHKXIEVMQ&fm=organic&iid=d162e9cd-08a0-4e63-afa6-9f267810b47d.MOBESTGFSK2SMEHK.SEARCH&ppt=sp&ppn=sp&ssid=ny2nr8ncucuxf4zk1574251584939&qH=b2e1b9463f4c8186,"₹25,000"
"OPPO A71k (New Edition) (Gold, 16 GB)",/oppo-a71k-new-edition-gold-16-gb/p/itmf9pgfg6syuqfu?pid=MOBF2AKZKT3JUTMQ&srno=s_5_100&otracker=search&otracker1=search&lid=LSTMOBF2AKZKT3JUTMQX10BOP&fm=organic&iid=89271657-18bc-490e-bad0-1e58206b79e6.MOBF2AKZKT3JUTMQ.SEARCH&ppt=sp&ppn=sp&ssid=ny2nr8ncucuxf4zk1574251584939&qH=b2e1b9463f4c8186,"₹8,199"
"OPPO R17 Pro (Radiant Mist, 128 GB)",/oppo-r17-pro-radiant-mist-128-gb/p/itmfbc9gwtdfcfbf?pid=MOBFBC9GDEHJPGEF&srno=s_5_101&otracker=search&otracker1=search&lid=LSTMOBFBC9GDEHJPGEFG0XWBL&fm=organic&iid=9c9ece56-da6e-42ae-9f4a-b7883d1a8a5d.MOBFBC9GDEHJPGEF.SEARCH&ppt=sp&ppn=sp&ssid=ny2nr8ncucuxf4zk1574251584939&qH=b2e1b9463f4c8186,"₹45,990"
"OPPO F3 (Black, 64 GB)",/oppo-f3-black-64-gb/p/itmff5gpyrsu2prw?pid=MOBEUMW44EWAX9VE&srno=s_5_102&otracker=search&otracker1=search&lid=LSTMOBEUMW44EWAX9VEQW7TQG&fm=organic&iid=3cb5ff64-5ce8-4ab7-b331-ec3bc1c4f6e2.MOBEUMW44EWAX9VE.SEARCH&ppt=sp&ppn=sp&ssid=ny2nr8ncucuxf4zk1574251584939&qH=b2e1b9463f4c8186,"₹19,500"
"OPPO A71 (Gold, 16 GB)",/oppo-a71-gold-16-gb/p/itmexhdznhc52wt7?pid=MOBEXHDZF5ZKHSDG&srno=s_5_103&otracker=search&otracker1=search&lid=LSTMOBEXHDZF5ZKHSDGUU0GN7&fm=organic&iid=865f7907-2aad-4724-8eea-81b960d23f02.MOBEXHDZF5ZKHSDG.SEARCH&ppt=sp&ppn=sp&ssid=ny2nr8ncucuxf4zk1574251584939&qH=b2e1b9463f4c8186,"₹8,490"
"OPPO A71 New Edition (Black, 16 GB)",/oppo-a71-new-black-16-gb/p/itmf9pgfg6syuqfu?pid=MOBF2AKZHHR72DRH&srno=s_5_104&otracker=search&otracker1=search&lid=LSTMOBF2AKZHHR72DRHCMZA7L&fm=organic&iid=cf0e5807-970f-44d7-8fb2-b7036b9f263b.MOBF2AKZHHR72DRH.SEARCH&ppt=sp&ppn=sp&ssid=ny2nr8ncucuxf4zk1574251584939&qH=b2e1b9463f4c8186,"₹9,940"
"OPPO F3 Deepika Padukone Limited Edition (Rose Gold, 64 GB)",/oppo-f3-deepika-padukone-limited-rose-gold-64-gb/p/itmewmaufwqrhgwy?pid=MOBEWMAUTF8XTEMU&srno=s_5_105&otracker=search&otracker1=search&lid=LSTMOBEWMAUTF8XTEMU60MY8R&fm=organic&iid=126f8aef-c8c2-43a0-8454-35bfe75a4328.MOBEWMAUTF8XTEMU.SEARCH&ppt=sp&ppn=sp&ssid=ny2nr8ncucuxf4zk1574251584939&qH=b2e1b9463f4c8186,"₹17,000"
"OPPO F1S (Gold, 32 GB)",/oppo-f1s-gold-32-gb/p/itmehcwevtzgv5ft?pid=MOBEHCWECYGB3EF7&srno=s_5_106&otracker=search&otracker1=search&lid=LSTMOBEHCWECYGB3EF7SZJMOU&fm=organic&iid=ef486a63-d817-4bbf-8385-fcab2413c092.MOBEHCWECYGB3EF7.SEARCH&ppt=sp&ppn=sp&ssid=ny2nr8ncucuxf4zk1574251584939&qH=b2e1b9463f4c8186,"₹11,449"
"OPPO F1S (Grey, 32 GB)",/oppo-f1s-grey-32-gb/p/itmeph67fku4f8mh?pid=MOBEPH67A9VEF8NZ&srno=s_5_107&otracker=search&otracker1=search&lid=LSTMOBEPH67A9VEF8NZEX6ULP&fm=organic&iid=48df4f90-eeeb-4ac3-936e-5e13db27342d.MOBEPH67A9VEF8NZ.SEARCH&ppt=sp&ppn=sp&ssid=ny2nr8ncucuxf4zk1574251584939&qH=b2e1b9463f4c8186,"₹11,990"
"OPPO Neo 7 4G (White, 16 GB)",/oppo-neo-7-4g-white-16-gb/p/itmecrthsbp2mkzt?pid=MOBECRTHBEBHJDAG&srno=s_5_108&otracker=search&otracker1=search&lid=LSTMOBECRTHBEBHJDAG7YXKX2&fm=organic&iid=e0d37869-51ff-4463-8ef2-77d8e7bc729e.MOBECRTHBEBHJDAG.SEARCH&ppt=sp&ppn=sp&ssid=ny2nr8ncucuxf4zk1574251584939&qH=b2e1b9463f4c8186,"₹8,099"
"OPPO K3 (Jade Black, 64 GB)",/oppo-k3-jade-black-64-gb/p/itme8a4ae911c569?pid=MOBFKHAWVGS3RT38&srno=s_5_109&otracker=search&otracker1=search&lid=LSTMOBFKHAWVGS3RT38XYYFA5&fm=organic&iid=83f1ed77-da11-41ee-b3ca-4250d6c7f2b5.MOBFKHAWVGS3RT38.SEARCH&ppt=sp&ppn=sp&ssid=ny2nr8ncucuxf4zk1574251584939&qH=b2e1b9463f4c8186,"₹20,450"
"OPPO N1 (White, 16 GB)",/oppo-n1-white-16-gb/p/itmdvfyk84expdjb?pid=MOBDVYZFYTYHYEP4&srno=s_5_110&otracker=search&otracker1=search&lid=LSTMOBDVYZFYTYHYEP4NLYEJQ&fm=organic&iid=87a774bb-14a7-4dc6-a7a1-522363598e05.MOBDVYZFYTYHYEP4.SEARCH&ppt=sp&ppn=sp&ssid=ny2nr8ncucuxf4zk1574251584939&qH=b2e1b9463f4c8186,"₹25,100"
"OPPO Find 5 Mini (White, 4 GB)",/oppo-find-5-mini-white-4-gb/p/itmevt7ta4chdrmv?pid=MOBDVYZFRHH6BFJH&srno=s_5_111&otracker=search&otracker1=search&lid=LSTMOBDVYZFRHH6BFJH3OBXJ5&fm=organic&iid=6edec3f5-05b2-43b0-8487-14a87c64368d.MOBDVYZFRHH6BFJH.SEARCH&ppt=sp&ppn=sp&ssid=ny2nr8ncucuxf4zk1574251584939&qH=b2e1b9463f4c8186,"₹6,800"
"OPPO R1 R829 (White, 16 GB)",/oppo-r1-r829-white-16-gb/p/itmeuyd8esmn7gzy?pid=MOBDVYZF7ABPHJEZ&srno=s_5_112&otracker=search&otracker1=search&lid=LSTMOBDVYZF7ABPHJEZLCQGTD&fm=organic&iid=7a4ae799-700b-4590-b392-8a72e4ce8341.MOBDVYZF7ABPHJEZ.SEARCH&ppt=sp&ppn=sp&ssid=ny2nr8ncucuxf4zk1574251584939&qH=b2e1b9463f4c8186,"₹21,452"
"OPPO Neo 5 (Black, 4 GB)",/oppo-neo-5-black-4-gb/p/itm1a9358a872532?pid=MOBEFN62PXZBVZNK&srno=s_5_113&otracker=search&otracker1=search&lid=LSTMOBEFN62PXZBVZNKAJRF0W&fm=organic&iid=9382813f-16bc-4b5e-b1dc-3c7f3875062c.MOBEFN62PXZBVZNK.SEARCH&ppt=sp&ppn=sp&ssid=ny2nr8ncucuxf4zk1574251584939&qH=b2e1b9463f4c8186,"₹8,900"
"OPPO N5111 (White, 16 GB)",/oppo-n5111-white-16-gb/p/itmeuyd9fqxqhu7e?pid=MOBDZB9GTYYBRPZY&srno=s_5_114&otracker=search&otracker1=search&lid=LSTMOBDZB9GTYYBRPZY98IGYD&fm=organic&iid=6d95490b-a5fb-4786-9ec5-9e5cac6458b6.MOBDZB9GTYYBRPZY.SEARCH&ppt=sp&ppn=sp&ssid=ny2nr8ncucuxf4zk1574251584939&qH=b2e1b9463f4c8186,"₹9,990"
"OPPO F1 (Gold, 16 GB)",/oppo-f1-gold-16-gb/p/itmefhaxfkjectxr?pid=MOBEFHAXBHRH8CAA&srno=s_5_115&otracker=search&otracker1=search&lid=LSTMOBEFHAXBHRH8CAALPC6HY&fm=organic&iid=f105910a-d0c4-4b8b-a18f-eb5fd51940c0.MOBEFHAXBHRH8CAA.SEARCH&ppt=sp&ppn=sp&ssid=ny2nr8ncucuxf4zk1574251584939&qH=b2e1b9463f4c8186,"₹8,999"
"OPPO Neo 5 (White, 16 GB)",/oppo-neo-5-white-16-gb/p/itmehf9xzqq5cdgr?pid=MOBEHF9XYVQMBW2H&srno=s_5_116&otracker=search&otracker1=search&lid=LSTMOBEHF9XYVQMBW2HWEO6IA&fm=organic&iid=bd8ed894-2ae3-421e-9b2f-9c900404688f.MOBEHF9XYVQMBW2H.SEARCH&ppt=sp&ppn=sp&ssid=ny2nr8ncucuxf4zk1574251584939&qH=b2e1b9463f4c8186,"₹4,999"
"OPPO Neo 5 (White, Blue, 8 GB)",/oppo-neo-5-white-blue-8-gb/p/itmeczh7jjy5sajy?pid=MOBECZH73EUDXJWD&srno=s_5_117&otracker=search&otracker1=search&lid=LSTMOBECZH73EUDXJWD04M3QM&fm=organic&iid=f0f025c4-88a6-4559-bd0a-0ccc3c94827e.MOBECZH73EUDXJWD.SEARCH&ppt=sp&ppn=sp&ssid=ny2nr8ncucuxf4zk1574251584939&qH=b2e1b9463f4c8186,"₹7,499"
"OPPO R1 R829 (Black, 16 GB)",/oppo-r1-r829-black-16-gb/p/itmeuyd8esmn7gzy?pid=MOBDYGYD23HH6JZW&srno=s_5_118&otracker=search&otracker1=search&lid=LSTMOBDYGYD23HH6JZWQZTLDX&fm=organic&iid=0bc873dc-0868-46d8-8a95-d9706e499b7a.MOBDYGYD23HH6JZW.SEARCH&ppt=sp&ppn=sp&ssid=ny2nr8ncucuxf4zk1574251584939&qH=b2e1b9463f4c8186,"₹12,999"
"OPPO F1 Plus (Rose Gold, 64 GB)",/oppo-f1-plus-rose-gold-64-gb/p/itmegsdxdm2ndgy2?pid=MOBEGSDXWDUKREJJ&srno=s_5_119&otracker=search&otracker1=search&lid=LSTMOBEGSDXWDUKREJJMM9PIH&fm=organic&iid=ed5b79cd-6c21-43f3-890c-1bee070e70ab.MOBEGSDXWDUKREJJ.SEARCH&ppt=sp&ppn=sp&ssid=ny2nr8ncucuxf4zk1574251584939&qH=b2e1b9463f4c8186,"₹22,480"
"OPPO Neo 5 (Black, 16 GB)",/oppo-neo-5-black-16-gb/p/itmehz99scmvy9fh?pid=MOBEHZ99W9HCNZ2D&srno=s_5_120&otracker=search&otracker1=search&lid=LSTMOBEHZ99W9HCNZ2DZ1IWGB&fm=organic&iid=ada0bbbd-d113-4a10-b33b-c4dff08beb01.MOBEHZ99W9HCNZ2D.SEARCH&ppt=sp&ppn=sp&ssid=ny2nr8ncucuxf4zk1574251584939&qH=b2e1b9463f4c8186,"₹4,999"
"OPPO F7 (Red, 64 GB)",/oppo-f7-red-64-gb/p/itmf3pzhjtdpvdvg?pid=MOBF3HZ2EPVTHPYD&srno=s_6_121&otracker=search&otracker1=search&lid=LSTMOBF3HZ2EPVTHPYD0KRAQV&fm=organic&iid=a92cddc0-7c16-44bf-8e29-2d77d25576ab.MOBF3HZ2EPVTHPYD.SEARCH&ppt=sp&ppn=sp&ssid=ny2nr8ncucuxf4zk1574251584939&qH=b2e1b9463f4c8186,"₹22,990"
"OPPO F3 Plus (Black, 64 GB)",/oppo-f3-plus-black-64-gb/p/itmeuyd8ym5mwtgh?pid=MOBEZGFNZ4JHJRVW&srno=s_6_122&otracker=search&otracker1=search&lid=LSTMOBEZGFNZ4JHJRVWNBTDHS&fm=organic&iid=328e43d4-a2cc-4973-8d7d-3fb93dcf8b3e.MOBEZGFNZ4JHJRVW.SEARCH&ppt=sp&ppn=sp&ssid=ny2nr8ncucuxf4zk1574251584939&qH=b2e1b9463f4c8186,"₹22,990"
"OPPO F1S (Gold, 64 GB)",/oppo-f1s-gold-64-gb/p/itmeuyd9yfdfm5zz?pid=MOBEZPTPVGSHCAHN&srno=s_6_123&otracker=search&otracker1=search&lid=LSTMOBEZPTPVGSHCAHNWLFUEB&fm=organic&iid=1dc941a6-ac27-4e91-8ea6-afb92a5aea26.MOBEZPTPVGSHCAHN.SEARCH&ppt=sp&ppn=sp&ssid=ny2nr8ncucuxf4zk1574251584939&qH=b2e1b9463f4c8186,"₹18,990"
"OPPO F1S (Grey, 64 GB)",/oppo-f1s-grey-64-gb/p/itmeuyd9yfdfm5zz?pid=MOBEPYQB7EAKZZRT&srno=s_6_124&otracker=search&otracker1=search&lid=LSTMOBEPYQB7EAKZZRTVAE2Q2&fm=organic&iid=a5d88520-0882-448c-9e7b-aa7ea1349095.MOBEPYQB7EAKZZRT.SEARCH&ppt=sp&ppn=sp&ssid=ny2nr8ncucuxf4zk1574251584939&qH=b2e1b9463f4c8186,"₹18,990"
"OPPO F1S (Rose Gold, 64 GB)",/oppo-f1s-rose-gold-64-gb/p/itmeuyd9yfdfm5zz?pid=MOBEQCQVGHRKYZEZ&srno=s_6_125&otracker=search&otracker1=search&lid=LSTMOBEQCQVGHRKYZEZVZKIAM&fm=organic&iid=ad3a3e90-3014-4e43-8a0b-982f883bc76d.MOBEQCQVGHRKYZEZ.SEARCH&ppt=sp&ppn=sp&ssid=ny2nr8ncucuxf4zk1574251584939&qH=b2e1b9463f4c8186,"₹18,990"
"OPPO A57 (Black, 32 GB)",/oppo-a57-black-32-gb/p/itmeuyd94bswkfzp?pid=MOBETEGGMPMKWBYG&srno=s_6_126&otracker=search&otracker1=search&lid=LSTMOBETEGGMPMKWBYGBHF92E&fm=organic&iid=d3290882-3985-4606-8fd9-34b0ff90b60f.MOBETEGGMPMKWBYG.SEARCH&ppt=sp&ppn=sp&ssid=ny2nr8ncucuxf4zk1574251584939&qH=b2e1b9463f4c8186,"₹14,990"
"OPPO F7 (Red, 128 GB)",/oppo-f7-red-128-gb/p/itmf3phhkss4zz8g?pid=MOBF3HZ2AYZRS9YT&srno=s_6_127&otracker=search&otracker1=search&lid=LSTMOBF3HZ2AYZRS9YTGEWFKO&fm=organic&iid=a490b147-5248-4803-96a3-2eee9260d355.MOBF3HZ2AYZRS9YT.SEARCH&ppt=sp&ppn=sp&ssid=ny2nr8ncucuxf4zk1574251584939&qH=b2e1b9463f4c8186,"₹27,990"
"OPPO F7 (Black, 128 GB)",/oppo-f7-black-128-gb/p/itmf3phhkss4zz8g?pid=MOBF3HZ2BX4HYGJX&srno=s_6_128&otracker=search&otracker1=search&lid=LSTMOBF3HZ2BX4HYGJXAEZSU9&fm=organic&iid=1ee639da-a8a3-4edb-a379-005ec43f94cd.MOBF3HZ2BX4HYGJX.SEARCH&ppt=sp&ppn=sp&ssid=ny2nr8ncucuxf4zk1574251584939&qH=b2e1b9463f4c8186,"₹14,990"
"OPPO F9 Pro (Starry purple, 128 GB)",/oppo-f9-pro-starry-purple-128-gb/p/itmf8fczgnrn5xhy?pid=MOBFFHFGUHQCA4JT&srno=s_6_129&otracker=search&otracker1=search&lid=LSTMOBFFHFGUHQCA4JTWPBOZX&fm=organic&iid=7d906806-e1a8-4581-9719-c2f43a722264.MOBFFHFGUHQCA4JT.SEARCH&ppt=sp&ppn=sp&ssid=ny2nr8ncucuxf4zk1574251584939&qH=b2e1b9463f4c8186,"₹21,990"
